USE Proyecto_Laboratorio;

INSERT INTO Proyecto_Laboratorio.Analisis
(tipo_analisis,
precio)
VALUES
('Hemograma', 2550),
('Glucemia', 1275),
('Urea', 1275),
('Eritrosedimentación', 850),
('Orina completa', 2550),
('Calcemia total', 1275),
('Triglicéridos', 2125),
('Colesterol total', 1275),
('Colesterol HDL', 2550),
('Colesterol LDL', 3400),
('Prolactina', 8500),
('Insulina', 9350),
('Bilirrubina', 1275),
('Fosfasata alcalina', 1275),
('Tirotrofina - TSH', 7650),
('Tiroxina total - T4', 7650),
('Tiroxina efectiva - Libre', 7650),
('Ionograma', 2975),
('Magnesio urinario', 2125),
('Proteína C reactiva - PCR', 4250);


INSERT INTO Proyecto_Laboratorio.Staff_Bioquimica
(id_bioquimico,
nombre_bioquimico,
matricula)
VALUES
(1, 'Eda Sawell', '58118-477'),
(2, 'Bevan Carling', '1283-810'),
(3, 'Lucille Pistol', '2363-917'),
(4, 'Hillie Killock', '4964-383'),
(5, 'Dinny Gowlett', '1674-662'),
(6, 'Alexa Shefton', '2338-719'),
(7, 'Shari Tearney', '5515-167'),
(8, 'Emile Oxford', '3680-759'),
(9, 'Niles Burges', '3698-307'),
(10, 'Lynette Shrigley', '3698-394'),
(11, 'Sibella Grennan', '3698-326'),
(12, 'Barnabe Zywicki', '4250-558'),
(13, 'Deidre Whitsun', '6138-310'),
(14, 'Meggie Izachik', '4152-196'),
(15, 'Zenia Crozier', '1081-168');


INSERT INTO Proyecto_Laboratorio.Staff_Enfermeria
(id_enfermero,
nombre_enfermero)
VALUES
(1, 'Schuyler Dimitrov'),
(2, 'Flynn Harrington'),
(3, 'Anderson Collinwood'),
(4, 'Don Fallen'),
(5, 'Karoline O''Donnell'),
(6, 'Savina Shorter'),
(7, 'Layton Ivell'),
(8, 'Armin Vallis'),
(9, 'Jaquelyn Whitlow'),
(10, 'Berrie Milazzo'),
(11, 'Cristian Lamartine'),
(12, 'Benedicto Shimon'),
(13, 'Chaunce Dumingos'),
(14, 'Jocelyn Glasscoo'),
(15, 'Alidia Sowersby');


INSERT INTO Proyecto_Laboratorio.Proveedores
(nombre_proveedor,
direccion,
telefono)
VALUES
('Best Choice', '4307 Pearson Way', '2531138921'),
('Aquapick Co., Ltd', '01 Becker Alley', '5701643836'),
('Procter & Gamble Manufacturing Company', '7 Clove Point', '7915452125'),
('Mylan Pharmaceuticals Inc.', '3897 Arkansas Street', '3299321709'),
('CSL Behring LLC', '96728 Pine View Trail', '8372312825'),
('Fenwal, Inc.', '41 Monica Drive', '3439365567'),
('RedPharm Drug Inc.', '8624 Farwell Alley', '9633304448'),
('Rite Aid Corporation', '0 Evergreen Parkway', '8318804675'),
('Jubilant HollisterStier LLC', '583 Myrtle Parkway', '6375790153'),
('Ranbaxy Pharmaceuticals Inc.', '318 Elka Hill', '9222599612');


INSERT INTO Proyecto_Laboratorio.Insumos
(tipo_insumo,
fecha_vencimiento,
precio,
id_proveedor)
VALUES
('Jeringa descartable', '2024-11-27', 1070, 10),
('Aguja hipodérmica', '2025-02-16', 450, 10),
('Tira reactiva de orina', '2025-03-24', 325.5, 4),
('Frasco estéril para análisis', '2025-02-05', 2720, 1),
('Reactivo Hemograma', '2025-05-04', 950, 1),
('Reactivo Glucemia', '2024-12-19', 750, 8),
('Reactivo Urea', '2024-11-26', 750, 2),
('Reactivo Eritrosedimentación',  '2025-04-16', 825, 5),
('Reactivo Orina completa', '2025-03-31', 950, 6),
('Reactivo Calcemia total', '2025-02-25', 750, 7),
('Reactivo Triglicéridos', '2025-02-27', 900, 3),
('Reactivo Colesterol total', '2024-11-14', 750, 6),
('Reactivo Colesterol HDL', '2025-05-12', 950, 1),
('Reactivo Colesterol LDL', '2025-02-23', 1550, 3),
('Reactivo Prolactina', '2025-03-17', 2500, 8),
('Reactivo Insulina', '2025-03-03', 3000, 8),
('Reactivo Bilirrubina', '2024-12-26', 750, 1),
('Reactivo Fosfasata alcalina', '2024-11-24', 750, 1),
('Reactivo Tirotrofina - TSH', '2025-02-22', 2000, 8),
('Reactivo Tiroxina total - T4', '2025-01-09', 2000, 6),
('Reactivo Tiroxina efectiva - Libre', '2025-01-07', 2000, 9),
('Reactivo Ionograma', '2025-03-13', 950, 5),
('Reactivo Magnesio urinario', '2025-03-04', 900, 4),
('Reactivo Proteína C reactiva - PCR', '2025-03-14', 1750.75, 9);


ALTER TABLE Obra_Social
MODIFY cobertura VARCHAR (4);

INSERT INTO Proyecto_Laboratorio.Obra_Social
(nombre,
cobertura)
VALUES
('MedGuard Plus', '50%'),
('HealthShield Advantage', '40%'),
('WellnessWise Premier', '30%'),
('CareConnect Pro', '50%'),
('Vitality Vault Elite', '60%'),
('MedMax Protector', '75%'),
('ProHealth Partners', '50%'),
('SecureCare Solutions', '40%'),
('HealthHaven Select', '30%'),
('CareCraft Comprehensive', '25%');


ALTER TABLE Pacientes
MODIFY id_obra_social INT;

INSERT INTO Proyecto_Laboratorio.Pacientes
(nombre_completo,
fecha_nacimiento,
sexo,
telefono,
e_mail,
id_obra_social)
VALUES
('Adelaida Reburn', '1949-10-21', 'M', '4107030720', 'areburn0@hhs.gov', 5),
('Sigismundo George', '2002-09-09', 'M', '4203568913', 'sgeorge1@washingtonpost.com', null),
('Ogdan Morsey', '1982-12-12', 'F', '8323130942', 'omorsey2@bloomberg.com', 10),
('Claudio Ladel', '2000-07-27', 'F', '4586459050', 'cladel3@cbslocal.com', 7),
('Benny Blind', '1955-06-13', 'M', '5643889290', 'bblind4@microsoft.com', 1),
('Kevin Ceillier', '1965-03-24', 'F', '8574453532', 'kceillier5@fotki.com', 3),
('Germaine Walas', '1946-06-14', 'M', '2714566357', 'gwalas6@cmu.edu', 4),
('Jen Gallone', '1948-10-06', 'F', '1426925517', 'jgallone7@nymag.com', null),
('Gerta Philot', '1945-08-21', 'M', '5911561889', 'gphilot8@howstuffworks.com', null),
('Sherilyn Kochs', '1961-06-02', 'F', '6417424204', null, 6),
('Gayle Sprionghall', '1997-06-19', 'M', '8127178056', 'gsprionghalla@miibeian.gov.cn', null),
('Winny Euels', '1960-04-15', 'F', '7261625972', 'weuelsb@ezinearticles.com', null),
('Byron Moens', '1985-05-19', 'F', '7195867477', null, 6),
('Benedicta Beau', '1947-12-10', 'F', '5136795703', 'bbeaud@flickr.com', 3),
('Federica Wabe', '1955-08-03', 'F', '5316292358', 'fwabee@chronoengine.com', null),
('Genny Loachhead', '1969-03-27', 'M', '7976169029', null, null),
('Dynah Reignolds', '1984-03-18', 'F', '4205999464', 'dreignoldsg@irs.gov', 2),
('Tudor McGerraghty', '1984-02-12', 'F', '8782766644', 'tmcgerraghtyh@netlog.com', null),
('Beret Sambrok', '2002-12-20', 'F', '4054720256', 'bsambroki@list-manage.com', 10),
('Brandon Boyes', '1973-05-31', 'F', '9337776015', 'bboyesj@who.int', null),
('Ricca Croall', '1959-03-13', 'M', '5149752437', 'rcroallk@illinois.edu', 6),
('La verne Dyball', '1963-09-23', 'F', '5364492253', 'lvernel@engadget.com', null),
('Darya Ridulfo', '1978-07-07', 'M', '9636160456', 'dridulfom@nytimes.com', 2),
('Micheline Habens', '1971-06-06', 'F', '1588800300', 'mhabensn@theglobeandmail.com', null),
('Benji Gayton', '1953-12-07', 'F', '5268172312', 'bgaytono@t.co', 10),
('Vail Zeplin', '1964-03-03', 'M', '7656095619', 'vzeplinp@paypal.com', 10),
('Aurore Dumbare', '1990-07-20', 'M', '6245433019', null, 7),
('Kelley Cowin', '2002-11-28', 'M', '1019290697', 'kcowinr@bloglovin.com', 2),
('Prisca Tregale', '1957-09-06', 'F', '7654137163', 'ptregales@statcounter.com', 6),
('Consuelo Snufflebottom', '1974-12-27', 'M', '9435826061', 'csnufflebottomt@moonfruit.com', 9),
('Loraine Bollon', '1971-08-13', 'M', '5859760766', 'lbollonu@hao123.com', null),
('Abdel Horsewood', '1982-02-09', 'M', '3262897389', null, 4),
('Marlowe Cowtherd', '2001-01-28', 'F', '3644154402', 'mcowtherdw@virginia.edu', null),
('Natalina Scarman', '1960-11-27', 'F', '4476182150', 'nscarmanx@trellian.com', 4),
('Fara Huttley', '1945-04-22', 'F', '7045152526', 'fhuttleyy@wikispaces.com', 6),
('Kory Kitcat', '1982-07-04', 'M', '1577826904', 'kkitcatz@linkedin.com', null),
('Winn Gatty', '2000-08-12', 'M', '9122027512', 'wgatty10@foxnews.com', 6),
('Marchelle Grandham', '1971-08-22', 'F', '8271992260', null, 5),
('Fayette Du Fray', '1971-06-08', 'F', '4899249980', 'fdu12@skype.com', null),
('Jerrilee Fedorski', '1964-08-16', 'M', '4413220193', 'jfedorski13@psu.edu', 2),
('Addi Gallyon', '1960-01-07', 'F', '5496072157', 'agallyon14@diigo.com', 3),
('Xaviera Laterza', '1995-11-18', 'F', '9692830445', 'xlaterza15@who.int', null),
('Krystle Dearman', '1993-05-08', 'F', '8375140467', 'kdearman16@cnn.com', null),
('Waverly Dagworthy', '1972-12-25', 'F', '1581887005', 'wdagworthy17@mac.com', null),
('Rafa Readwood', '1994-11-12', 'F', '3998370390', 'rreadwood18@paypal.com', null),
('Zulema Egar', '2003-01-06', 'F', '5478295427', 'zegar19@google.cn', null),
('Jade Grime', '1971-04-12', 'M', '9633846862', null, null),
('Sutherlan Trimby', '1989-09-10', 'M', '8419935648', 'strimby1b@last.fm', 6),
('Stu Lambillion', '1946-02-26', 'M', '5093888557', 'slambillion1c@geocities.com', null),
('Vitoria Blumfield', '1987-11-19', 'F', '7683877455', 'vblumfield1d@tinypic.com', 8),
('Abby Leyre', '1985-11-11', 'F', '4301474761', 'aleyre1e@cafepress.com', null),
('Rivy Shinner', '2001-06-19', 'M', '5386482540', 'rshinner1f@reference.com', null),
('Avie Kynston', '1994-09-30', 'F', '9356631104', 'akynston1g@privacy.gov.au', null),
('Onfroi Dossit', '1975-06-12', 'M', '6197154120', 'odossit1h@unicef.org', 9),
('Yevette Aberkirdo', '1963-10-05', 'F', '1671313806', 'yaberkirdo1i@vimeo.com', 7),
('Marjorie Zaniolini', '1970-12-28', 'F', '2619550573', 'mzaniolini1j@furl.net', null),
('Rodrique Roja', '1998-10-28', 'M', '5361885933', null, 10),
('Mathew Worg', '1967-08-18', 'M', '7514893297', 'mworg1l@networkadvertising.org', null),
('Shellysheldon Stickles', '2003-12-05', 'M', '7867765830', 'sstickles1m@csmonitor.com', 10),
('Gerick Kosel', '1966-08-15', 'M', '1623304903', null, null),
('Dianne Jovis', '1959-07-20', 'F', '8859455654', 'djovis1o@surveymonkey.com', null),
('Kenna Frost', '1987-03-20', 'F', '8446557909', 'kfrost1p@vinaora.com', 6),
('Nikkie Purkiss', '1972-09-02', 'F', '5097268261', 'npurkiss1q@youtu.be', 3),
('Clarance Klemt', '1965-10-18', 'F', '3619306807', 'cklemt1r@unc.edu', null),
('Greggory Skeldon', '1970-08-16', 'F', '5212572969', 'gskeldon1s@icio.us', null),
('Jacinthe Jessope', '2004-02-27', 'M', '9705207841', null, null),
('Marrissa Coghlan', '1990-08-28', 'F', '7038946828', 'mcoghlan1u@over-blog.com', 5),
('Edyth Engley', '1964-08-12', 'F', '7366763860', 'eengley1v@google.de', 10),
('Lauri Hackley', '1945-11-20', 'F', '4031417640', null, 10),
('Bat Kingswood', '1986-07-08', 'F', '7588033159', 'bkingswood1x@forbes.com', 10),
('Pippa McKenny', '1991-07-17', 'F', '6028742138', null, 4),
('Shannah Stienton', '1952-07-26', 'M', '5444573597', null, null),
('Vera Salkeld', '2002-11-15', 'M', '2027637770', 'vsalkeld20@oaic.gov.au', null),
('Shari Bruckner', '1987-02-02', 'M', '4572027157', 'sbruckner21@noaa.gov', null),
('Tine Baldin', '1945-04-30', 'M', '4683689498', 'tbaldin22@flavors.me', 6),
('Marji Dossantos', '1967-09-15', 'F', '2707273096', 'mdossantos23@1und1.de', 7),
('Jacki Dumphy', '1980-08-26', 'M', '2983517890', 'jdumphy24@ucoz.ru', null),
('Angelo Attkins', '1977-05-04', 'F', '2722229638', 'aattkins25@accuweather.com', null),
('Bernardina Blesli', '1960-03-08', 'M', '7232196369', 'bblesli26@twitter.com', null),
('Eamon Decruse', '1959-03-04', 'M', '1256929949', 'edecruse27@scientificamerican.com', 10),
('Tedd Wield', '1990-03-30', 'F', '2473021920', 'twield28@networksolutions.com', null),
('Gillan Androlli', '1971-02-13', 'F', '2937508467', 'gandrolli29@fema.gov', 9),
('Brietta Gladdifh', '1963-04-07', 'M', '7449272541', 'bgladdifh2a@cam.ac.uk', null),
('Rici Dow', '1951-05-25', 'M', '4709235429', 'rdow2b@storify.com', 2),
('Em Klimkin', '1995-07-07', 'F', '9742057273', null, 1),
('Magdalena Harker', '1979-03-11', 'F', '4866077365', 'mharker2d@princeton.edu', null),
('Theda Mycroft', '1999-12-14', 'M', '7874256249', 'tmycroft2e@php.net', 2),
('Darla Benedikt', '1966-10-08', 'F', '9287505514', 'dbenedikt2f@jimdo.com', 7),
('Ebba Dany', '1994-03-11', 'F', '5463745886', 'edany2g@nyu.edu', 5),
('Bobette Domenichelli', '1971-12-27', 'M', '4092143899', 'bdomenichelli2h@howstuffworks.com', 4),
('Arvin Diggons', '1995-09-17', 'F', '2761028474', 'adiggons2i@senate.gov', 8),
('Gretchen Hasker', '1957-02-07', 'F', '3824245378', 'ghasker2j@geocities.jp', null),
('Martguerita Leidl', '2000-08-16', 'F', '1334161193', 'mleidl2k@wikimedia.org', 10),
('Vicky Spearman', '1974-06-06', 'M', '5936684303', 'vspearman2l@dot.gov', 8),
('Faunie Hansed', '1960-07-30', 'M', '4681047735', 'fhansed2m@sina.com.cn', 6),
('Devonna Colleck', '1952-09-18', 'F', '5235719913', 'dcolleck2n@tripadvisor.com', null),
('Kerk Pocklington', '1952-04-27', 'F', '5918477709', 'kpocklington2o@netscape.com', 1),
('Dania Loveless', '1957-10-07', 'M', '7344111981', 'dloveless2p@newyorker.com', null),
('Mervin Stanyland', '1954-02-24', 'F', '8786413048', 'mstanyland2q@ca.gov', 7),
('Aleece Blackler', '2002-03-17', 'M', '5148494614', 'ablackler2r@spotify.com', null);


INSERT INTO Proyecto_Laboratorio.Pedidos_Analisis
(id_pedido,
fecha,
id_paciente,
id_analisis,
id_bioquimico,
id_enfermero,
insumo_necesario)
VALUES
(1, '2024-04-04 11:10:22', 22, 16, 9, 3, 23),
(2, '2024-03-02 20:01:55', 42, 14, 14, 4, 17),
(3, '2024-03-04 05:05:30', 54, 19, 4, 3, 8),
(4, '2024-04-15 18:13:58', 68, 5, 14, 4, 22),
(5, '2024-02-10 20:50:56', 29, 18, 4, 15, 10),
(6, '2024-03-12 21:15:12', 82, 14, 5, 3, 17),
(7, '2024-02-25 09:35:02', 61, 7, 4, 14, 24),
(8, '2024-03-07 14:18:52', 58, 4, 14, 12, 6),
(9, '2024-04-11 20:23:43', 68, 5, 5, 15, 21),
(10, '2024-02-11 01:33:48', 91, 18, 9, 4, 3),
(11, '2024-04-14 12:44:15', 71, 9, 11, 9, 24),
(12, '2024-06-16 23:24:43', 45, 11, 7, 2, 4),
(13, '2024-01-15 04:43:03', 74, 17, 15, 5, 23),
(14, '2024-07-18 12:31:20', 43, 15, 5, 13, 13),
(15, '2024-06-19 16:36:59', 40, 7, 5, 7, 17),
(16, '2024-01-21 22:15:22', 32, 20, 1, 3, 14),
(17, '2024-05-01 19:51:44', 95, 1, 8, 5, 10),
(18, '2024-04-07 21:22:18', 37, 5, 6, 1, 21),
(19, '2024-03-19 10:11:01', 33, 17, 3, 3, 17),
(20, '2024-02-21 18:38:34', 74, 1, 4, 9, 9),
(21, '2024-05-31 14:16:47', 95, 7, 10, 13, 12),
(22, '2024-02-25 17:58:25', 58, 15, 2, 12, 14),
(23, '2024-04-02 17:42:31', 23, 6, 6, 13, 6),
(24, '2024-05-07 10:15:35', 53, 7, 14, 1, 18),
(25, '2024-03-16 04:26:15', 62, 6, 3, 6, 2),
(26, '2024-03-04 18:22:22', 14, 6, 10, 12, 4),
(27, '2024-03-25 02:21:52', 52, 14, 1, 15, 18),
(28, '2024-07-24 21:04:17', 34, 1, 7, 9, 13),
(29, '2024-01-04 00:21:50', 22, 15, 13, 4, 24),
(30, '2024-01-22 04:36:32', 14, 18, 1, 6, 16),
(31, '2024-07-28 16:28:34', 45, 4, 6, 2, 21),
(32, '2024-05-12 07:30:55', 42, 13, 6, 13, 17),
(33, '2024-04-28 22:39:59', 87, 17, 11, 5, 6),
(34, '2024-06-05 21:41:14', 86, 1, 13, 8, 16),
(35, '2024-07-26 01:29:44', 19, 8, 7, 1, 24),
(36, '2024-06-03 15:34:26', 53, 1, 2, 15, 15),
(37, '2024-02-27 06:11:31', 93, 9, 10, 4, 4),
(38, '2024-06-24 22:50:19', 14, 14, 5, 2, 2),
(39, '2024-05-17 07:29:17', 41, 5, 15, 5, 4),
(40, '2024-02-01 04:18:32', 5, 14, 15, 11, 20),
(41, '2024-02-19 16:25:50', 15, 3, 4, 3, 22),
(42, '2024-04-28 00:45:55', 67, 2, 10, 12, 16),
(43, '2024-06-17 15:17:53', 73, 18, 15, 14, 5),
(44, '2024-04-18 04:29:00', 79, 13, 6, 13, 12),
(45, '2024-03-07 07:38:43', 48, 2, 12, 6, 5),
(46, '2024-02-04 19:15:32', 72, 14, 8, 3, 20),
(47, '2024-07-02 20:43:27', 11, 6, 10, 6, 21),
(48, '2024-01-02 07:08:17', 87, 20, 2, 8, 18),
(49, '2024-07-07 17:29:59', 73, 5, 8, 8, 3),
(50, '2024-06-25 20:03:01', 39, 6, 14, 8, 18);


INSERT INTO Proyecto_Laboratorio.Factura
(id_factura,
id_pedido,
id_analisis,
id_insumo,
id_obra_social)
VALUES
(1, 19, 6, 8, null),
(2, 36, 9, 24, 9),
(3, 6, 11, 22, 5),
(4, 24, 20, 7, 7),
(5, 32, 17, 4, null),
(6, 18, 17, 16, 8),
(7, 29, 10, 8, null),
(8, 7, 3, 5, null),
(9, 2, 5, 12, 10),
(10, 31, 2, 24, null),
(11, 44, 4, 19, 8),
(12, 48, 12, 17, null),
(13, 41, 10, 22, 5),
(14, 11, 6, 14, 4),
(15, 47, 19, 18, null),
(16, 39, 14, 12, null),
(17, 14, 7, 6, null),
(18, 49, 16, 23, null),
(19, 2, 9, 15, null),
(20, 40, 16, 18, null),
(21, 42, 9, 1, null),
(22, 9, 8, 1, 4),
(23, 5, 12, 13, null),
(24, 33, 4, 8, null),
(25, 35, 20, 23, null),
(26, 39, 6, 13, 10),
(27, 19, 8, 12, 1),
(28, 48, 19, 8, 9),
(29, 29, 13, 18, 9),
(30, 41, 4, 4, null),
(31, 21, 3, 16, null),
(32, 10, 10, 4, 9),
(33, 29, 18, 2, 3),
(34, 13, 2, 22, null),
(35, 48, 11, 1, null),
(36, 12, 15, 8, null),
(37, 2, 8, 15, 8),
(38, 18, 11, 5, null),
(39, 22, 15, 8, 2),
(40, 41, 3, 6, null),
(41, 26, 5, 11, 1),
(42, 42, 2, 17, null),
(43, 40, 8, 16, null),
(44, 31, 13, 10, 6),
(45, 19, 11, 13, 7),
(46, 25, 19, 8, 6),
(47, 1, 18, 22, 5),
(48, 44, 14, 9, 6),
(49, 47, 14, 12, null),
(50, 15, 6, 23, 9);